{
  "accentColor": "",
  "theme": "moonstone",
  "cssTheme": "Blue Topaz",
  "enabledCssSnippets": [
    "supercharged-links-gen",
    "weread",
    "weread_mini",
    "rightAndLeftBar",
    "【边栏图标】sidepane",
    "【便签样式】stickies",
    "【侧边栏播放器图标】rightlane music player icon",
    "【侧边栏设置】rightlane setting",
    "【分栏支持】admonition-col2-col3-flex",
    "【进度颜色】colourful progress bar",
    "【卡片视图】zettelkasten",
    "【情绪记录】MoodTracker",
    "【日记时间轴】Time",
    "【生日倒计时】birthday countdown",
    "【收件箱图标】收件箱icon",
    "【项目管理】sharetype",
    "【音乐播放器】Music Player",
    "【主页设置】homepage setting",
    "【主页设置移动端】homepage setting media mobile",
    "【AD优化】admonitions",
    "custom-admonitions.35eba8"
  ],
  "translucency": false,
  "nativeMenus": true
}