{
  "items": [
    {
      "type": "file",
      "title": "各级标题示例",
      "path": "77-Example/各级标题示例.md"
    },
    {
      "type": "file",
      "title": "分栏效果示例",
      "path": "77-Example/分栏效果示例.md"
    },
    {
      "type": "file",
      "title": "各类列表和彩虹大纲线",
      "path": "77-Example/各类列表和彩虹大纲线.md"
    },
    {
      "type": "file",
      "title": "77-Example",
      "path": "77-Example/77-Example.md"
    },
    {
      "type": "file",
      "title": "通过下拉框检索文件示例",
      "path": "77-Example/◾ Dataview相关实例/通过下拉框检索文件示例.md"
    },
    {
      "type": "file",
      "title": "项目追踪（完成的字数和任务）",
      "path": "77-Example/◾ Dataview相关实例/项目追踪（完成的字数和任务）.md"
    },
    {
      "type": "file",
      "title": "Dataview教程",
      "path": "10-Help/Dataview系列教程/🔑Dataview教程.md"
    },
    {
      "type": "file",
      "title": "🥑Blue Topaz Themes Tips",
      "path": "00-Tips/🥑Blue Topaz Themes Tips.md"
    },
    {
      "type": "file",
      "title": "ob提示框(callout)样式展示",
      "path": "77-Example/ob提示框(callout)样式展示.md"
    }
  ]
}