{
  "main": {
    "id": "c2bf48baebb46ed7",
    "type": "split",
    "children": [
      {
        "id": "3050fdfea6c1ccfc",
        "type": "tabs",
        "children": [
          {
            "id": "fb3901e1b8691650",
            "type": "leaf",
            "state": {
              "type": "markdown",
              "state": {
                "file": "00 Aban/Home.md",
                "mode": "source",
                "backlinks": false,
                "source": false
              }
            }
          }
        ]
      }
    ],
    "direction": "vertical"
  },
  "left": {
    "id": "54dfc1820457d823",
    "type": "split",
    "children": [
      {
        "id": "1bec76e6a48105db",
        "type": "tabs",
        "dimension": 58.85286783042394,
        "children": [
          {
            "id": "503eedb1d3387085",
            "type": "leaf",
            "state": {
              "type": "file-explorer",
              "state": {
                "sortOrder": "alphabetical"
              }
            }
          },
          {
            "id": "bc3f114f3cadb4de",
            "type": "leaf",
            "state": {
              "type": "search",
              "state": {
                "query": "",
                "matchingCase": true,
                "explainSearch": false,
                "collapseAll": false,
                "extraContext": false,
                "sortOrder": "alphabetical"
              }
            }
          },
          {
            "id": "6e535558e26855f0",
            "type": "leaf",
            "state": {
              "type": "bookmarks",
              "state": {}
            }
          }
        ]
      },
      {
        "id": "264afdfb13c2b518",
        "type": "tabs",
        "dimension": 41.14713216957606,
        "children": [
          {
            "id": "dd606eddf59e565e",
            "type": "leaf",
            "state": {
              "type": "recent-files",
              "state": {}
            }
          },
          {
            "id": "be0790ed49e0aec3",
            "type": "leaf",
            "state": {
              "type": "outline",
              "state": {
                "file": "00 Aban/Home.md"
              }
            }
          }
        ]
      }
    ],
    "direction": "horizontal",
    "width": 269.5
  },
  "right": {
    "id": "c92cbc9a347ed3ec",
    "type": "split",
    "children": [
      {
        "id": "562452e6c1415509",
        "type": "tabs",
        "children": [
          {
            "id": "582f00a2368e549d",
            "type": "leaf",
            "state": {
              "type": "calendar",
              "state": {}
            }
          },
          {
            "id": "b396d9cb1ce5ebdb",
            "type": "leaf",
            "state": {
              "type": "backlink",
              "state": {
                "file": "00 Aban/Home.md",
                "collapseAll": false,
                "extraContext": false,
                "sortOrder": "alphabetical",
                "showSearch": false,
                "searchQuery": "",
                "backlinkCollapsed": false,
                "unlinkedCollapsed": true
              }
            }
          },
          {
            "id": "7f2c0ffe80843c05",
            "type": "leaf",
            "state": {
              "type": "outgoing-link",
              "state": {
                "file": "00 Aban/Home.md",
                "linksCollapsed": false,
                "unlinkedCollapsed": true
              }
            }
          },
          {
            "id": "a2bdddc531f4cbfa",
            "type": "leaf",
            "state": {
              "type": "tag",
              "state": {
                "sortOrder": "alphabetical",
                "useHierarchy": true
              }
            }
          },
          {
            "id": "d71aa842aa014064",
            "type": "leaf",
            "state": {
              "type": "all-properties",
              "state": {
                "sortOrder": "frequency",
                "showSearch": false,
                "searchQuery": ""
              }
            }
          }
        ]
      },
      {
        "id": "381e50546edb7248",
        "type": "tabs",
        "children": [
          {
            "id": "69cbbacef2249d8f",
            "type": "leaf",
            "state": {
              "type": "git-view",
              "state": {}
            }
          },
          {
            "id": "475cd84b51d0ff0f",
            "type": "leaf",
            "state": {
              "type": "advanced-tables-toolbar",
              "state": {}
            }
          },
          {
            "id": "85eea136b1ef5bd6",
            "type": "leaf",
            "state": {
              "type": "SC-custom-variables-view",
              "state": {}
            }
          },
          {
            "id": "deca24e74eed2d1d",
            "type": "leaf",
            "state": {
              "type": "todo",
              "state": {}
            }
          }
        ]
      }
    ],
    "direction": "horizontal",
    "width": 361.5
  },
  "left-ribbon": {
    "hiddenItems": {
      "templater-obsidian:Templater": false,
      "quickadd:QuickAdd": false,
      "switcher:打开快速切换": false,
      "graph:查看关系图谱": false,
      "daily-notes:打开/创建今天的日记": false,
      "canvas:新建白板": false,
      "templates:插入模板": false,
      "command-palette:打开命令面板": false,
      "table-editor-obsidian:Advanced Tables Toolbar": true,
      "obsidian-excalidraw-plugin:新建绘图文件": false,
      "obsidian-kanban:创建新看板": false,
      "obsidian-weread-plugin:同步微信读书笔记": false,
      "obsidian-shellcommands:Shell commands: Custom variables": false,
      "obsidian-memos:Thino": false,
      "homepage:Open homepage": false
    }
  },
  "active": "fb3901e1b8691650",
  "lastOpenFiles": [
    "00 Aban/00. Homepage.md",
    "00 Aban/Home.md",
    "00 Aban/00. Library.md",
    "00 Aban/Obsidian 插件之 Dataview - 少数派.md",
    "00 Aban/00. Study.md",
    "生活/搞钱/搞钱.md",
    "生活/在北京.md",
    "40 - Obsidian/Attachments/100911654141903_.pic.jpg",
    "40 - Obsidian/Attachments/163221654582836_.pic.jpg",
    "40 - Obsidian/Attachments/165511654585350_.pic.png",
    "40 - Obsidian/Attachments/1658115786245751.mp4",
    "40 - Obsidian/Attachments/百里守约绝影神枪.png",
    "40 - Obsidian/Attachments/50021653820977_.pic.jpg",
    "40 - Obsidian/Attachments/50021653820977_.jpg.jpg",
    "40 - Obsidian/Attachments/banners/rainy-day-bird-2.gif",
    "40 - Obsidian/Attachments/banners/rainy-day-bird.gif",
    "40 - Obsidian/Attachments/banners/flowers.gif",
    "40 - Obsidian/Attachments/banners/daily-note-banner.gif",
    "40 - Obsidian/Attachments/banners",
    "40 - Obsidian/Attachments",
    "40 - Obsidian/Homepages/00. Homepage.md",
    "40 - Obsidian/Homepages/00. References.md",
    "40 - Obsidian/Homepages/00. Files.md",
    "40 - Obsidian/Homepages/00. Dashboard.md",
    "40 - Obsidian/Homepages",
    "40 - Obsidian/React components/music and birthday countdown 2.md",
    "40 - Obsidian/React components/music and birthday countdown 1.md",
    "40 - Obsidian/React components",
    "40 - Obsidian/Templates/New Weekly template.md",
    "40 - Obsidian/Templates/New Daily template.md",
    "40 - Obsidian/Templates/New Code template.md",
    "40 - Obsidian/Templates",
    "40 - Obsidian",
    "ruiLearningCode/source/_posts/weread/定投十年财务自由.md",
    "ruiLearningCode/source/_posts/weread/认知觉醒：开启自我改变的原动力.md",
    "ruiLearningCode/source/_posts/weread/吞噬星空.txt.md",
    "ruiLearningCode/source/_posts/weread/乌合之众：大众心理研究（畅销125年纪念版）【群体心理学开山之作，社会心理学必读经典，当之无愧的百年经典名著。完整全译本，流畅翻译，精美插图，新锐设计】.md",
    "ruiLearningCode/source/_posts/weread/疯狂的尿酸：不止是痛风.md",
    "ruiLearningCode/source/_posts/weread/谷物大脑.md",
    "ruiLearningCode/source/_posts/weread/xianni_ergen.txt.md",
    "ruiLearningCode/source/_posts/weread/空腹力革命.md",
    "ruiLearningCode/source/_posts/weread/断舍离.md",
    "ruiLearningCode/source/_posts/weread/减肥不是挨饿，而是与食物合作.md",
    "ruiLearningCode/source/_posts/weread",
    "ruiLearningCode/public/CA-RunToC.html",
    "ruiLearningCode/public/2022年05月第四周总结.html",
    "00 Inbox/测试白板.canvas",
    "未命名 1.canvas"
  ]
}